<?xml version="1.0" encoding="UTF-8"?><MD_Metadata xmlns:xlink="http://www.w3.org/1999/xlink" xmlns:srv="http://www.isotc211.org/2005/srv" xmlns:gts="http://www.isotc211.org/2005/gts" xmlns:xalan="http://xml.apache.org/xalan" xmlns:gco="http://www.isotc211.org/2005/gco" xmlns:gml="http://www.opengis.net/gml" xmlns:xsi="http://www.w3.org/2001/XMLSchema-instance" xmlns="http://www.isotc211.org/2005/gmd">
    <characterSet>
        <MD_CharacterSetCode codeList="http://www.isotc211.org/2005/resources/Codelist/gmxCodelists.xml#MD_CharacterSetCode" codeListValue="utf8" codeSpace="ISOTC211/19115">utf8</MD_CharacterSetCode>
    </characterSet>
    <hierarchyLevel>
        <MD_ScopeCode codeList="http://www.isotc211.org/2005/resources/Codelist/gmxCodelists.xml#MD_ScopeCode" codeListValue="dataset" codeSpace="ISOTC211/19115">dataset</MD_ScopeCode>
    </hierarchyLevel>
    <hierarchyLevelName>
        <gco:CharacterString>dataset</gco:CharacterString>
    </hierarchyLevelName>
    <contact gco:nilReason="missing"/>
    <dateStamp gco:nilReason="missing"/>
    <metadataStandardName>
        <gco:CharacterString>ISO 19139 Geographic Information - Metadata - Implementation Specification</gco:CharacterString>
    </metadataStandardName>
    <metadataStandardVersion>
        <gco:CharacterString>2007</gco:CharacterString>
    </metadataStandardVersion>
    <identificationInfo>
        <MD_DataIdentification>
            <citation gco:nilReason="missing"/>
            <abstract>
                <gco:CharacterString>בישראל מוכרזים כיום כ- 900 אלף דונם כשמורות יער מתוך כ- 1.5 מליון דונם יערות נטועים. ההגדרה מקבילה במובן מסוים להכרזה על שמורות טבע ומשמעותה אזורים שנקבעו על ידי שר החקלאות כשמורים ליער וכי לא ניתן לשנות את יעוד השטחים ולפתחם ללא אישור השר. פקיד היערות עומד בראש הוועדה לשמורות יער והוא הממליץ לשר, לאחר דיון הוועדה, על הכרזה של שמורת יער חדשה, או גריעה של שטח משמורות יער קיימות עקב צורך בשינוי יעוד. מטרת הוועדה היא לייעץ לשר החקלאות, בשיתוף הגורמים המקצועיים, בנוגע למדיניות הייעור הרצויה והדרכים ליישומה. בין מטרות העל של פקיד היערות קיימת הכרזה של יערות קק&amp;quot;ל שאינם מוכרזים כיום לשמורות יער ובכך לעגן את תכניות הייעור של קק&amp;quot;ל במסגרת חוקית חזקה וסטטוטורית. מקור, קליטת ועיבוד הנתונים – סריקה ממפות נייר (Hard Copy)
ווקטוריזציה. מפות המצויות בתיקי שמורות היער, שנבנו על סמך פרויקט מיפוי שמורות
היער, שנערך בשנים 1994 - 1993 במדור שמורות היער וחורש טבעי (לשעבר) שבאגף היעור.
בנוסף, הכרזות וגריעות מתבצעות בהנחיית יחידת יער ואילנות במשרד החקלאות בהתאם
לנהלי עבודה שנקבעו מול קק&amp;quot;ל.</gco:CharacterString>
            </abstract>
            <purpose>
                <gco:CharacterString>שכבת שמורות היער, פברואר 2019</gco:CharacterString>
            </purpose>
            <credit>
                <gco:CharacterString>תחום GIS / משרד החקלאות ופיתוח הכפר</gco:CharacterString>
            </credit>
            <descriptiveKeywords>
                <MD_Keywords>
                    <keyword>
                        <gco:CharacterString>Forest</gco:CharacterString>
                    </keyword>
                    <keyword>
                        <gco:CharacterString>יערות</gco:CharacterString>
                    </keyword>
                    <keyword>
                        <gco:CharacterString>שמורות יער</gco:CharacterString>
                    </keyword>
                    <keyword>
                        <gco:CharacterString>פקיד היערות</gco:CharacterString>
                    </keyword>
                    <keyword>
                        <gco:CharacterString>קק"ל</gco:CharacterString>
                    </keyword>
                    <keyword>
                        <gco:CharacterString>יער ואילנות</gco:CharacterString>
                    </keyword>
                    <keyword>
                        <gco:CharacterString>יער</gco:CharacterString>
                    </keyword>
                    <keyword>
                        <gco:CharacterString>משרד החקלאות</gco:CharacterString>
                    </keyword>
                    <keyword>
                        <gco:CharacterString>עצים</gco:CharacterString>
                    </keyword>
                </MD_Keywords>
            </descriptiveKeywords>
            <descriptiveKeywords>
                <MD_Keywords>
                    <keyword>
                        <gco:CharacterString>Forest</gco:CharacterString>
                    </keyword>
                    <keyword>
                        <gco:CharacterString>יערות</gco:CharacterString>
                    </keyword>
                    <keyword>
                        <gco:CharacterString>שמורות יער</gco:CharacterString>
                    </keyword>
                    <keyword>
                        <gco:CharacterString>פקיד היערות</gco:CharacterString>
                    </keyword>
                    <keyword>
                        <gco:CharacterString>קק"ל</gco:CharacterString>
                    </keyword>
                    <keyword>
                        <gco:CharacterString>יער ואילנות</gco:CharacterString>
                    </keyword>
                    <keyword>
                        <gco:CharacterString>יער</gco:CharacterString>
                    </keyword>
                    <keyword>
                        <gco:CharacterString>משרד החקלאות</gco:CharacterString>
                    </keyword>
                    <keyword>
                        <gco:CharacterString>עצים</gco:CharacterString>
                    </keyword>
                </MD_Keywords>
            </descriptiveKeywords>
            <descriptiveKeywords>
                <MD_Keywords>
                    <keyword>
                        <gco:CharacterString>Forest</gco:CharacterString>
                    </keyword>
                    <keyword>
                        <gco:CharacterString>יערות</gco:CharacterString>
                    </keyword>
                    <keyword>
                        <gco:CharacterString>שמורות יער</gco:CharacterString>
                    </keyword>
                    <keyword>
                        <gco:CharacterString>פקיד היערות</gco:CharacterString>
                    </keyword>
                    <keyword>
                        <gco:CharacterString>קק"ל</gco:CharacterString>
                    </keyword>
                    <keyword>
                        <gco:CharacterString>יער ואילנות</gco:CharacterString>
                    </keyword>
                    <keyword>
                        <gco:CharacterString>יער</gco:CharacterString>
                    </keyword>
                    <keyword>
                        <gco:CharacterString>משרד החקלאות</gco:CharacterString>
                    </keyword>
                    <keyword>
                        <gco:CharacterString>עצים</gco:CharacterString>
                    </keyword>
                </MD_Keywords>
            </descriptiveKeywords>
            <descriptiveKeywords>
                <MD_Keywords>
                    <keyword>
                        <gco:CharacterString>Forest</gco:CharacterString>
                    </keyword>
                    <keyword>
                        <gco:CharacterString>יערות</gco:CharacterString>
                    </keyword>
                    <keyword>
                        <gco:CharacterString>שמורות יער</gco:CharacterString>
                    </keyword>
                    <keyword>
                        <gco:CharacterString>פקיד היערות</gco:CharacterString>
                    </keyword>
                    <keyword>
                        <gco:CharacterString>קק"ל</gco:CharacterString>
                    </keyword>
                    <keyword>
                        <gco:CharacterString>יער ואילנות</gco:CharacterString>
                    </keyword>
                    <keyword>
                        <gco:CharacterString>יער</gco:CharacterString>
                    </keyword>
                    <keyword>
                        <gco:CharacterString>משרד החקלאות</gco:CharacterString>
                    </keyword>
                    <keyword>
                        <gco:CharacterString>עצים</gco:CharacterString>
                    </keyword>
                </MD_Keywords>
            </descriptiveKeywords>
            <descriptiveKeywords>
                <MD_Keywords>
                    <keyword>
                        <gco:CharacterString>Forest</gco:CharacterString>
                    </keyword>
                    <keyword>
                        <gco:CharacterString>יערות</gco:CharacterString>
                    </keyword>
                    <keyword>
                        <gco:CharacterString>שמורות יער</gco:CharacterString>
                    </keyword>
                    <keyword>
                        <gco:CharacterString>פקיד היערות</gco:CharacterString>
                    </keyword>
                    <keyword>
                        <gco:CharacterString>קק"ל</gco:CharacterString>
                    </keyword>
                    <keyword>
                        <gco:CharacterString>יער ואילנות</gco:CharacterString>
                    </keyword>
                    <keyword>
                        <gco:CharacterString>יער</gco:CharacterString>
                    </keyword>
                    <keyword>
                        <gco:CharacterString>משרד החקלאות</gco:CharacterString>
                    </keyword>
                    <keyword>
                        <gco:CharacterString>עצים</gco:CharacterString>
                    </keyword>
                </MD_Keywords>
            </descriptiveKeywords>
            <descriptiveKeywords>
                <MD_Keywords>
                    <keyword>
                        <gco:CharacterString>Forest</gco:CharacterString>
                    </keyword>
                    <keyword>
                        <gco:CharacterString>יערות</gco:CharacterString>
                    </keyword>
                    <keyword>
                        <gco:CharacterString>שמורות יער</gco:CharacterString>
                    </keyword>
                    <keyword>
                        <gco:CharacterString>פקיד היערות</gco:CharacterString>
                    </keyword>
                    <keyword>
                        <gco:CharacterString>קק"ל</gco:CharacterString>
                    </keyword>
                    <keyword>
                        <gco:CharacterString>יער ואילנות</gco:CharacterString>
                    </keyword>
                    <keyword>
                        <gco:CharacterString>יער</gco:CharacterString>
                    </keyword>
                    <keyword>
                        <gco:CharacterString>משרד החקלאות</gco:CharacterString>
                    </keyword>
                    <keyword>
                        <gco:CharacterString>עצים</gco:CharacterString>
                    </keyword>
                </MD_Keywords>
            </descriptiveKeywords>
            <descriptiveKeywords>
                <MD_Keywords>
                    <keyword>
                        <gco:CharacterString>Forest</gco:CharacterString>
                    </keyword>
                    <keyword>
                        <gco:CharacterString>יערות</gco:CharacterString>
                    </keyword>
                    <keyword>
                        <gco:CharacterString>שמורות יער</gco:CharacterString>
                    </keyword>
                    <keyword>
                        <gco:CharacterString>פקיד היערות</gco:CharacterString>
                    </keyword>
                    <keyword>
                        <gco:CharacterString>קק"ל</gco:CharacterString>
                    </keyword>
                    <keyword>
                        <gco:CharacterString>יער ואילנות</gco:CharacterString>
                    </keyword>
                    <keyword>
                        <gco:CharacterString>יער</gco:CharacterString>
                    </keyword>
                    <keyword>
                        <gco:CharacterString>משרד החקלאות</gco:CharacterString>
                    </keyword>
                    <keyword>
                        <gco:CharacterString>עצים</gco:CharacterString>
                    </keyword>
                </MD_Keywords>
            </descriptiveKeywords>
            <descriptiveKeywords>
                <MD_Keywords>
                    <keyword>
                        <gco:CharacterString>Forest</gco:CharacterString>
                    </keyword>
                    <keyword>
                        <gco:CharacterString>יערות</gco:CharacterString>
                    </keyword>
                    <keyword>
                        <gco:CharacterString>שמורות יער</gco:CharacterString>
                    </keyword>
                    <keyword>
                        <gco:CharacterString>פקיד היערות</gco:CharacterString>
                    </keyword>
                    <keyword>
                        <gco:CharacterString>קק"ל</gco:CharacterString>
                    </keyword>
                    <keyword>
                        <gco:CharacterString>יער ואילנות</gco:CharacterString>
                    </keyword>
                    <keyword>
                        <gco:CharacterString>יער</gco:CharacterString>
                    </keyword>
                    <keyword>
                        <gco:CharacterString>משרד החקלאות</gco:CharacterString>
                    </keyword>
                    <keyword>
                        <gco:CharacterString>עצים</gco:CharacterString>
                    </keyword>
                </MD_Keywords>
            </descriptiveKeywords>
            <descriptiveKeywords>
                <MD_Keywords>
                    <keyword>
                        <gco:CharacterString>Forest</gco:CharacterString>
                    </keyword>
                    <keyword>
                        <gco:CharacterString>יערות</gco:CharacterString>
                    </keyword>
                    <keyword>
                        <gco:CharacterString>שמורות יער</gco:CharacterString>
                    </keyword>
                    <keyword>
                        <gco:CharacterString>פקיד היערות</gco:CharacterString>
                    </keyword>
                    <keyword>
                        <gco:CharacterString>קק"ל</gco:CharacterString>
                    </keyword>
                    <keyword>
                        <gco:CharacterString>יער ואילנות</gco:CharacterString>
                    </keyword>
                    <keyword>
                        <gco:CharacterString>יער</gco:CharacterString>
                    </keyword>
                    <keyword>
                        <gco:CharacterString>משרד החקלאות</gco:CharacterString>
                    </keyword>
                    <keyword>
                        <gco:CharacterString>עצים</gco:CharacterString>
                    </keyword>
                </MD_Keywords>
            </descriptiveKeywords>
            <resourceConstraints>
                <MD_Constraints>
                    <useLimitation>
                        <gco:CharacterString>
החומר הועלה על ידי תחום ממ"ג, אגף בכיר טכנולוגיות דיגיטליות ומידע. משרד החקלאות ופיתוח הכפר: כל הזכויות שמורות למדינת ישראל © המפה/שכבה אינה מהווה אסמכתא לכל עניין שהוא ולכל הליך לפי דין. המשתמש בלבד אחראי לדרך בה יעשה שימוש בפרסום. המדינה איננה אחראית לכך שהפרסום יענה לצורכי המשתמש. המדינה לא תישא באחריות לנזקים מכל סוג שהוא, בין ישירים ובין עקיפים, אם נגרמו למשתמש או לכל צד ג' כתוצאה מן השימוש בפרסום. המדינה איננה אחראית לכל שינוי בפרסום שנעשה על ידי המשתמש או צד ג'. למידע נוסף צרו קשר בדוא"ל omerb@moag.gov.il
</gco:CharacterString>
                    </useLimitation>
                </MD_Constraints>
            </resourceConstraints>
            <language gco:nilReason="missing"/>
            <characterSet>
                <MD_CharacterSetCode codeList="http://www.isotc211.org/2005/resources/Codelist/gmxCodelists.xml#MD_CharacterSetCode" codeListValue="utf8" codeSpace="ISOTC211/19115">utf8</MD_CharacterSetCode>
            </characterSet>
        </MD_DataIdentification>
    </identificationInfo>
</MD_Metadata>
